Campaign,Ad group,Keyword,Match type,Max CPC,Status
Budgero Search,YNAB Alt — Receipt,apps like ynab,Exact,3.00,Enabled
Budgero Search,YNAB Alt — Receipt,youneedabudget alternative,Exact,3.00,Enabled
Budgero Search,YNAB Alt — Receipt,ynab alternative,Exact,3.00,Enabled
Budgero Search,YNAB Alt — Receipt,alternative to ynab,Exact,3.00,Enabled
Budgero Search,YNAB Alt — Receipt,apps similar to ynab,Exact,3.00,Enabled
Budgero Search,YNAB Alt — Receipt,ynab competitor,Exact,3.00,Enabled
Budgero Search,YNAB Alt — Switch,apps like ynab,Exact,3.00,Enabled
Budgero Search,YNAB Alt — Switch,youneedabudget alternative,Exact,3.00,Enabled
Budgero Search,YNAB Alt — Switch,ynab alternative,Exact,3.00,Enabled
Budgero Search,YNAB Alt — Switch,alternative to ynab,Exact,3.00,Enabled
Budgero Search,YNAB Alt — Switch,apps similar to ynab,Exact,3.00,Enabled
Budgero Search,YNAB Alt — Switch,ynab competitor,Exact,3.00,Enabled
Budgero Search,YNAB Alt — Atlas,apps like ynab,Exact,3.00,Enabled
Budgero Search,YNAB Alt — Atlas,youneedabudget alternative,Exact,3.00,Enabled
Budgero Search,YNAB Alt — Atlas,ynab alternative,Exact,3.00,Enabled
Budgero Search,YNAB Alt — Atlas,alternative to ynab,Exact,3.00,Enabled
Budgero Search,YNAB Alt — Atlas,apps similar to ynab,Exact,3.00,Enabled
Budgero Search,YNAB Alt — Atlas,ynab competitor,Exact,3.00,Enabled
Budgero Search,Zero-Based Budgeting,zero based budgeting software,Exact,3.00,Enabled
Budgero Search,Zero-Based Budgeting,zero based budgeting app,Exact,3.00,Enabled
Budgero Search,Zero-Based Budgeting,best zero based budget app,Exact,3.00,Enabled
Budgero Search,Multi-Currency Budgeting,multi currency budget app,Exact,3.00,Enabled
Budgero Search,Multi-Currency Budgeting,multi currency personal finance app,Exact,3.00,Enabled
Budgero Search,Multi-Currency Budgeting,expense tracker multiple currencies,Exact,3.00,Enabled
Budgero Search,Multi-Currency Budgeting,budget app multiple currencies,Exact,3.00,Enabled
Budgero Search,Multi-Currency Budgeting,budget software multiple currencies,Exact,3.00,Enabled
Budgero Search,Best Budgeting Apps,budgeting apps,Exact,3.00,Enabled
Budgero Search,Best Budgeting Apps,best budgeting app,Exact,3.00,Enabled
Budgero Search,Best Budgeting Apps,best budgeting apps,Exact,3.00,Enabled
Budgero Search,Personal Finance Tracker,expense tracker app,Exact,3.00,Enabled
Budgero Search,Personal Finance Tracker,personal finance application,Exact,3.00,Enabled
Budgero Search,Personal Finance Tracker,personal finance app,Exact,3.00,Enabled
